,precision,recall,f1-score,support
0,0.9988847503140024,0.9998988391795858,0.9993915374962761,553574.0
1,0.9646241313960834,0.7118881118881119,0.819206008583691,2145.0
accuracy,0.998787156818464,0.998787156818464,0.998787156818464,0.998787156818464
macro avg,0.9817544408550429,0.8558934755338488,0.9092987730399835,555719.0
weighted avg,0.9987525089697636,0.998787156818464,0.9986960457828066,555719.0
